,Unnamed: 0,Age,Sex,Job,Housing,Saving accounts,Checking account,Credit amount,Duration,Purpose,Risk,prediction
0,0,67,male,2,own,,little,1169,6,radio/TV,good,1
1,1,22,female,2,own,little,moderate,5951,48,radio/TV,bad,0
2,2,49,male,1,own,little,,2096,12,education,good,1
3,3,45,male,2,free,little,little,7882,42,furniture/equipment,good,0
4,4,53,male,2,free,little,little,4870,24,car,bad,1
5,5,35,male,1,free,,,9055,36,education,good,1
6,6,53,male,2,own,quite rich,,2835,24,furniture/equipment,good,1
7,7,35,male,3,rent,little,moderate,6948,36,car,good,0
8,8,61,male,1,own,rich,,3059,12,radio/TV,good,1
9,9,28,male,3,own,little,moderate,5234,30,car,bad,0
10,10,25,female,2,rent,little,moderate,1295,12,car,bad,0
11,11,24,female,2,rent,little,little,4308,48,business,bad,0
12,12,22,female,2,own,little,moderate,1567,12,radio/TV,good,1
13,13,60,male,1,own,little,little,1199,24,car,bad,1
14,14,28,female,2,rent,little,little,1403,15,car,good,0
15,15,32,female,1,own,moderate,little,1282,24,radio/TV,bad,1
16,16,53,male,2,own,,,2424,24,radio/TV,good,1
17,17,25,male,2,own,,little,8072,30,business,good,1
18,18,44,female,3,free,little,moderate,12579,24,car,bad,0
19,19,31,male,2,own,quite rich,,3430,24,radio/TV,good,1
20,20,48,male,2,own,little,,2134,9,car,good,1
21,21,44,male,2,rent,quite rich,little,2647,6,radio/TV,good,1
22,22,48,male,1,rent,little,little,2241,10,car,good,1
23,23,44,male,2,own,moderate,moderate,1804,12,car,good,1
24,24,26,male,2,own,,,2069,10,furniture/equipment,good,1
25,25,36,male,1,own,little,little,1374,6,furniture/equipment,good,1
26,26,39,male,1,own,little,,426,6,radio/TV,good,1
27,27,42,female,2,rent,rich,rich,409,12,radio/TV,good,1
28,28,34,male,2,own,little,moderate,2415,7,radio/TV,good,1
29,29,63,male,2,own,little,little,6836,60,business,bad,0
30,30,36,male,2,own,rich,moderate,1913,18,business,good,1
31,31,27,male,2,own,little,little,4020,24,furniture/equipment,good,1
32,32,30,male,2,own,moderate,moderate,5866,18,car,good,1
33,33,57,male,1,rent,,,1264,12,business,good,1
34,34,33,female,3,own,little,rich,1474,12,furniture/equipment,good,1
35,35,25,male,1,own,little,moderate,4746,45,radio/TV,bad,0
36,36,31,male,2,free,little,,6110,48,education,good,0
37,37,37,male,2,own,little,rich,2100,18,radio/TV,bad,1
38,38,37,male,2,own,little,rich,1225,10,domestic appliances,good,1
39,39,24,male,2,own,little,moderate,458,9,radio/TV,good,1
40,40,30,male,3,own,quite rich,,2333,30,radio/TV,good,1
41,41,26,male,2,own,quite rich,moderate,1158,12,radio/TV,good,1
42,42,44,male,1,own,little,moderate,6204,18,repairs,good,1
43,43,24,male,2,rent,moderate,little,6187,30,car,good,0
44,44,58,female,1,free,little,little,6143,48,car,bad,0
45,45,35,female,3,own,little,,1393,11,car,good,1
46,46,39,male,2,own,quite rich,,2299,36,radio/TV,good,1
47,47,23,female,0,rent,quite rich,little,1352,6,car,good,0
48,48,39,male,1,own,little,,7228,11,car,good,1
49,49,28,female,2,own,moderate,,2073,12,radio/TV,good,1
50,50,29,male,1,own,,moderate,2333,24,furniture/equipment,good,1
51,51,30,male,3,own,little,moderate,5965,27,car,good,1
52,52,25,male,2,own,little,,1262,12,radio/TV,good,1
53,53,31,male,2,own,,,3378,18,car,good,1
54,54,57,male,2,free,little,moderate,2225,36,car,bad,1
55,55,26,male,1,own,,,783,6,car,good,1
56,56,52,male,3,own,,moderate,6468,12,radio/TV,bad,1
57,57,31,female,2,own,little,,9566,36,radio/TV,good,1
58,58,23,female,3,own,little,rich,1961,18,car,good,1
59,59,23,female,1,rent,little,little,6229,36,furniture/equipment,bad,0
60,60,27,male,2,own,little,moderate,1391,9,business,good,1
61,61,50,male,2,own,,moderate,1537,15,radio/TV,good,1
62,62,61,male,3,free,little,moderate,1953,36,business,bad,1
63,63,25,male,2,own,little,moderate,14421,48,business,bad,0
64,64,26,female,2,own,little,,3181,24,radio/TV,good,1
65,65,48,male,2,own,,,5190,27,repairs,good,1
66,66,29,female,2,own,little,,2171,12,radio/TV,good,1
67,67,22,male,2,own,rich,moderate,1007,12,car,good,1
68,68,37,male,2,free,little,,1819,36,education,bad,1
69,69,25,female,2,own,,,2394,36,radio/TV,good,1
70,70,30,female,2,own,little,,8133,36,car,good,1
71,71,46,male,1,rent,,,730,7,radio/TV,good,1
72,72,51,male,3,free,little,little,1164,8,vacation/others,good,1
73,73,41,female,1,own,little,moderate,5954,42,business,good,0
74,74,40,male,3,own,,little,1977,36,education,bad,1
75,75,66,male,3,free,little,little,1526,12,car,good,1
76,76,34,male,2,own,little,little,3965,42,radio/TV,bad,0
77,77,51,male,2,own,little,moderate,4771,11,radio/TV,good,1
78,78,39,male,1,own,,,9436,54,car,good,1
79,79,22,male,2,own,little,moderate,3832,30,furniture/equipment,good,1
80,80,44,female,2,own,,,5943,24,radio/TV,bad,1
81,81,47,male,2,own,quite rich,,1213,15,radio/TV,good,1
82,82,24,female,1,rent,moderate,,1568,18,business,good,1
83,83,58,female,1,own,little,little,1755,24,vacation/others,good,0
84,84,52,male,1,own,little,little,2315,10,radio/TV,good,1
85,85,29,female,3,own,little,,1412,12,business,good,1
86,86,27,female,2,own,little,moderate,1295,18,furniture/equipment,good,1
87,87,47,male,2,free,moderate,moderate,12612,36,education,bad,0
88,88,30,male,3,own,moderate,little,2249,18,car,good,1
89,89,28,male,2,own,little,little,1108,12,repairs,bad,0
90,90,56,male,2,own,little,,618,12,radio/TV,good,1
91,91,54,male,2,own,little,little,1409,12,car,good,1
92,92,33,female,1,own,,,797,12,radio/TV,bad,1
93,93,20,male,2,rent,,rich,3617,24,furniture/equipment,good,1
94,94,54,male,2,own,rich,moderate,1318,12,car,good,1
95,95,58,male,2,rent,little,moderate,15945,54,business,bad,0
96,96,61,female,2,own,,,2012,12,education,good,1
97,97,34,male,2,own,moderate,moderate,2622,18,business,good,1
98,98,36,male,2,own,little,moderate,2337,36,radio/TV,good,1
99,99,36,male,3,rent,,moderate,7057,20,car,good,1
100,100,41,male,1,rent,moderate,,1469,24,car,good,1
101,101,24,male,2,rent,little,moderate,2323,36,radio/TV,good,0
102,102,24,female,2,own,little,,932,6,radio/TV,good,1
103,103,35,male,2,rent,little,moderate,1919,9,furniture/equipment,good,1
104,104,26,male,2,rent,,,2445,12,car,good,1
105,105,39,male,3,own,little,moderate,11938,24,vacation/others,bad,1
106,106,39,male,3,own,little,,6458,18,car,bad,1
107,107,32,male,2,own,little,moderate,6078,12,car,good,1
108,108,30,female,2,own,,little,7721,24,furniture/equipment,good,1
109,109,35,male,2,own,quite rich,moderate,1410,14,business,good,1
110,110,31,male,2,own,moderate,moderate,1449,6,business,good,1
111,111,23,female,2,rent,little,rich,392,15,education,good,0
112,112,28,male,1,rent,little,moderate,6260,18,car,good,0
113,113,25,female,2,own,little,,7855,36,car,bad,1
114,114,35,male,2,own,quite rich,little,1680,12,radio/TV,good,1
115,115,47,male,2,own,,,3578,48,radio/TV,good,1
116,116,30,female,3,own,,little,7174,42,radio/TV,bad,1
117,117,27,female,2,rent,,little,2132,10,furniture/equipment,good,1
118,118,23,female,2,own,quite rich,little,4281,33,furniture/equipment,bad,0
119,119,36,male,3,own,quite rich,moderate,2366,12,car,good,1
120,120,25,female,2,own,little,little,1835,21,radio/TV,bad,1
121,121,41,female,3,rent,little,,3868,24,car,good,1
122,122,24,male,1,rent,little,,1768,12,furniture/equipment,good,1
123,123,63,male,2,free,little,rich,781,10,car,good,1
124,124,27,female,2,rent,,moderate,1924,18,furniture/equipment,bad,1
125,125,30,male,2,own,little,little,2121,12,car,good,1
126,126,40,male,1,own,little,little,701,12,radio/TV,good,1
127,127,30,male,2,own,little,moderate,639,12,repairs,bad,1
128,128,34,male,3,own,little,moderate,1860,12,car,good,1
129,129,29,female,2,own,little,little,3499,12,car,bad,0
130,130,24,female,2,own,,moderate,8487,48,car,good,0
131,131,29,male,2,own,little,little,6887,36,education,bad,0
132,132,27,male,1,own,little,,2708,15,furniture/equipment,good,1
133,133,47,male,2,free,little,,1984,18,furniture/equipment,good,1
134,134,21,female,2,own,moderate,,10144,60,radio/TV,good,1
135,135,38,female,2,own,,,1240,12,radio/TV,good,1
136,136,27,male,2,own,rich,,8613,27,car,good,1
137,137,66,male,1,own,quite rich,moderate,766,12,radio/TV,bad,1
138,138,35,male,2,own,,moderate,2728,15,radio/TV,good,1
139,139,44,female,1,rent,little,rich,1881,12,radio/TV,good,1
140,140,27,male,0,own,rich,rich,709,6,car,good,1
141,141,30,female,3,own,little,moderate,4795,36,radio/TV,good,0
142,142,27,male,3,own,little,little,3416,27,radio/TV,good,1
143,143,22,male,2,own,little,little,2462,18,furniture/equipment,bad,1
144,144,23,female,2,own,little,,2288,21,furniture/equipment,good,1
145,145,30,male,2,own,moderate,moderate,3566,48,business,good,0
146,146,39,female,2,own,little,little,860,6,car,good,1
147,147,51,female,2,own,moderate,,682,12,car,good,1
148,148,28,male,2,own,little,little,5371,36,furniture/equipment,good,0
149,149,46,male,2,own,rich,,1582,18,radio/TV,good,1
150,150,42,male,2,free,moderate,,1346,6,radio/TV,good,1
151,151,38,male,2,own,little,,1924,10,radio/TV,good,1
152,152,24,male,2,own,little,rich,5848,36,radio/TV,good,1
153,153,29,female,2,rent,rich,moderate,7758,24,car,good,1
154,154,36,male,3,rent,moderate,moderate,6967,24,business,good,1
155,155,20,female,2,rent,little,little,1282,12,furniture/equipment,bad,0
156,156,48,male,2,own,moderate,little,1288,9,repairs,good,1
157,157,45,male,1,own,little,little,339,12,education,good,0
158,158,38,male,2,own,moderate,moderate,3512,24,car,good,1
159,159,34,male,1,own,,,1898,6,radio/TV,good,1
160,160,36,male,2,own,moderate,,2872,24,radio/TV,good,1
161,161,30,female,2,own,little,,1055,18,car,good,1
162,162,36,male,2,own,quite rich,,1262,15,domestic appliances,good,1
163,163,70,male,3,free,little,moderate,7308,10,car,good,1
164,164,36,male,2,own,quite rich,,909,36,car,good,1
165,165,32,male,2,own,quite rich,,2978,6,furniture/equipment,good,1
166,166,33,female,2,own,little,little,1131,18,furniture/equipment,bad,1
167,167,20,female,2,own,rich,moderate,1577,11,furniture/equipment,good,1
168,168,25,female,2,rent,little,,3972,24,furniture/equipment,good,1
169,169,31,male,2,own,little,moderate,1935,24,business,bad,1
170,170,33,male,2,rent,little,little,950,15,car,bad,0
171,171,26,female,2,own,little,,763,12,furniture/equipment,good,1
172,172,34,female,3,own,little,moderate,2064,24,furniture/equipment,bad,1
173,173,33,male,2,own,little,moderate,1414,8,radio/TV,good,1
174,174,26,male,2,own,little,little,3414,21,education,bad,0
175,175,53,female,3,own,,,7485,30,car,bad,1
176,176,42,male,2,own,little,little,2577,12,furniture/equipment,good,1
177,177,52,male,2,own,quite rich,little,338,6,radio/TV,good,1
178,178,31,male,3,rent,little,,1963,12,radio/TV,good,1
179,179,65,male,2,own,little,little,571,21,car,good,1
180,180,28,male,2,own,little,,9572,36,business,bad,1
181,181,30,male,3,own,little,moderate,4455,36,business,bad,0
182,182,40,male,1,own,,little,1647,21,car,bad,1
183,183,50,male,2,own,rich,,3777,24,furniture/equipment,good,1
184,184,36,male,2,own,little,moderate,884,18,car,bad,1
185,185,31,male,2,own,little,,1360,15,radio/TV,good,1
186,186,74,female,3,free,little,moderate,5129,9,car,bad,1
187,187,68,male,0,free,little,moderate,1175,16,car,good,1
188,188,20,male,2,own,moderate,little,674,12,radio/TV,bad,1
189,189,33,female,2,own,little,moderate,3244,18,furniture/equipment,good,1
190,190,54,male,3,own,rich,,4591,24,business,bad,1
191,191,34,male,1,free,moderate,moderate,3844,48,business,bad,0
192,192,36,male,2,own,little,moderate,3915,27,business,bad,1
193,193,29,male,2,rent,little,,2108,6,radio/TV,good,1
194,194,21,male,2,rent,moderate,moderate,3031,45,radio/TV,bad,0
195,195,34,female,3,own,little,moderate,1501,9,education,bad,0
196,196,28,female,2,own,little,,1382,6,radio/TV,good,1
197,197,27,female,2,rent,moderate,moderate,951,12,furniture/equipment,bad,1
198,198,36,male,2,free,,moderate,2760,24,car,good,1
199,199,40,male,3,own,little,moderate,4297,18,furniture/equipment,bad,1
200,200,52,male,2,own,quite rich,,936,9,education,good,1
201,201,27,male,1,own,little,little,1168,12,car,good,1
202,202,26,male,2,own,little,,5117,27,business,good,1
203,203,21,male,2,rent,little,little,902,12,education,bad,0
204,204,38,male,1,own,little,,1495,12,car,good,1
205,205,38,male,3,free,little,little,10623,30,car,good,0
206,206,43,male,2,own,little,,1935,12,furniture/equipment,good,1
207,207,26,male,2,own,little,moderate,1424,12,domestic appliances,good,1
208,208,21,male,1,own,little,little,6568,24,business,good,0
209,209,55,male,2,own,rich,,1413,12,car,good,1
210,210,33,male,2,own,,,3074,9,radio/TV,good,1
211,211,45,female,1,own,,,3835,36,radio/TV,good,1
212,212,50,male,2,own,little,little,5293,27,business,bad,1
213,213,66,male,3,own,little,rich,1908,30,business,bad,1
214,214,51,male,2,own,,,3342,36,radio/TV,good,1
215,215,39,female,1,own,,moderate,932,6,education,good,1
216,216,31,male,2,own,little,little,3104,18,business,good,1
217,217,23,male,2,own,little,rich,3913,36,radio/TV,good,1
218,218,24,male,1,rent,little,little,3021,24,furniture/equipment,good,0
219,219,64,female,2,own,little,,1364,10,car,good,1
220,220,26,male,1,own,little,moderate,625,12,radio/TV,good,1
221,221,23,female,2,rent,,little,1200,12,education,good,0
222,222,30,male,2,own,little,,707,12,radio/TV,good,1
223,223,32,male,2,own,,,2978,24,business,good,1
224,224,30,male,2,own,little,,4657,15,car,good,1
225,225,27,male,2,own,little,,2613,36,repairs,good,1
226,226,27,male,2,own,rich,moderate,10961,48,radio/TV,bad,1
227,227,53,male,3,free,little,little,7865,12,furniture/equipment,bad,1
228,228,22,male,2,own,little,,1478,9,radio/TV,bad,1
229,229,22,male,2,free,little,little,3149,24,furniture/equipment,good,0
230,230,26,male,2,own,little,rich,4210,36,radio/TV,bad,1
231,231,51,male,1,free,quite rich,,2507,9,car,good,1
232,232,35,male,2,own,moderate,,2141,12,radio/TV,good,1
233,233,25,male,1,own,little,moderate,866,18,radio/TV,good,1
234,234,42,male,1,own,little,,1544,4,radio/TV,good,1
235,235,30,male,3,own,little,little,1823,24,radio/TV,bad,1
236,236,23,male,0,own,,moderate,14555,6,car,bad,1
237,237,61,male,1,rent,moderate,moderate,2767,21,business,bad,1
238,238,35,female,2,own,little,,1291,12,radio/TV,good,1
239,239,39,male,2,own,little,little,2522,30,radio/TV,good,1
240,240,29,female,2,own,,little,915,24,car,bad,1
241,241,51,male,2,own,little,,1595,6,radio/TV,good,1
242,242,24,male,2,free,little,little,4605,48,car,bad,0
243,243,27,female,2,own,little,,1185,12,business,good,1
244,244,35,female,1,own,quite rich,,3447,12,education,good,1
245,245,25,male,2,own,little,,1258,24,business,good,1
246,246,52,male,2,own,little,,717,12,radio/TV,good,1
247,247,35,male,2,rent,moderate,,1204,6,car,good,1
248,248,26,male,2,own,little,rich,1925,24,furniture/equipment,good,1
249,249,22,female,2,rent,little,,433,18,radio/TV,bad,1
250,250,39,female,1,own,rich,little,666,6,car,good,1
251,251,46,female,1,own,little,rich,2251,12,furniture/equipment,good,1
252,252,24,female,2,own,little,moderate,2150,30,car,bad,0
253,253,35,male,2,own,moderate,,4151,24,furniture/equipment,good,1
254,254,24,male,2,own,,moderate,2030,9,furniture/equipment,good,1
255,255,27,male,1,own,,moderate,7418,60,radio/TV,good,0
256,256,35,male,1,own,little,,2684,24,radio/TV,good,1
257,257,29,male,2,free,little,little,2149,12,radio/TV,bad,1
258,258,23,female,2,own,moderate,,3812,15,car,good,1
259,259,57,female,1,own,moderate,,1154,11,radio/TV,good,1
260,260,27,male,2,own,little,little,1657,12,furniture/equipment,good,1
261,261,55,female,2,own,little,little,1603,24,radio/TV,good,1
262,262,36,male,3,free,little,little,5302,18,car,good,0
263,263,57,female,1,free,little,,2748,12,education,good,1
264,264,32,male,1,own,little,,1231,10,car,good,1
265,265,37,male,2,own,little,moderate,802,15,radio/TV,bad,1
266,266,36,male,2,own,,,6304,36,business,good,1
267,267,38,female,2,own,little,,1533,24,radio/TV,good,1
268,268,45,male,3,own,little,little,8978,14,car,bad,1
269,269,25,male,2,own,,,999,24,radio/TV,good,1
270,270,32,male,2,own,,,2662,18,car,good,1
271,271,37,female,2,rent,quite rich,,1402,12,furniture/equipment,good,1
272,272,36,male,3,free,,moderate,12169,48,car,good,0
273,273,28,male,2,own,little,moderate,3060,48,radio/TV,bad,0
274,274,34,male,1,own,little,little,11998,30,repairs,bad,0
275,275,32,male,2,own,little,,2697,9,radio/TV,good,1
276,276,26,female,2,own,little,,2404,18,radio/TV,good,1
277,277,49,male,1,own,,little,1262,12,furniture/equipment,good,1
278,278,32,female,2,own,little,,4611,6,furniture/equipment,bad,1
279,279,29,male,3,rent,moderate,,1901,24,radio/TV,good,1
280,280,23,male,2,rent,rich,,3368,15,car,good,1
281,281,50,male,2,own,little,,1574,12,furniture/equipment,good,1
282,282,49,male,1,own,,rich,1445,18,radio/TV,good,1
283,283,63,male,2,own,,,1520,15,furniture/equipment,good,1
284,284,37,male,2,own,moderate,moderate,3878,24,car,good,1
285,285,35,female,1,own,little,little,10722,47,car,good,0
286,286,26,male,2,own,little,little,4788,48,car,good,0
287,287,31,male,3,free,moderate,moderate,7582,48,vacation/others,good,0
288,288,49,female,2,own,little,moderate,1092,12,radio/TV,good,1
289,289,48,male,2,own,little,little,1024,24,radio/TV,bad,1
290,290,26,male,2,own,little,,1076,12,business,good,1
291,291,28,male,3,rent,little,moderate,9398,36,car,bad,0
292,292,44,female,3,free,little,little,6419,24,car,good,0
293,293,56,male,2,free,little,rich,4796,42,car,good,1
294,294,46,male,3,own,,,7629,48,business,good,1
295,295,26,female,2,own,little,moderate,9960,48,furniture/equipment,bad,0
296,296,20,female,2,rent,,,4675,12,car,good,1
297,297,45,male,1,own,,,1287,10,car,good,1
298,298,43,male,2,own,little,,2515,18,furniture/equipment,good,1
299,299,32,male,2,own,rich,moderate,2745,21,furniture/equipment,good,1
300,300,54,female,0,own,little,,672,6,car,good,1
301,301,42,female,2,own,little,moderate,3804,36,radio/TV,bad,1
302,302,37,male,1,own,,rich,1344,24,car,bad,1
303,303,49,male,2,own,little,little,1038,10,car,good,1
304,304,44,male,2,free,quite rich,,10127,48,car,bad,1
305,305,33,male,2,own,rich,,1543,6,furniture/equipment,good,1
306,306,24,female,1,rent,,,4811,30,car,good,1
307,307,33,male,1,own,moderate,little,727,12,radio/TV,bad,1
308,308,24,female,2,own,little,moderate,1237,8,furniture/equipment,bad,1
309,309,22,male,1,rent,little,moderate,276,9,car,good,1
310,310,40,male,0,free,,moderate,5381,48,vacation/others,good,0
311,311,25,male,2,own,moderate,,5511,24,furniture/equipment,good,1
312,312,26,female,2,own,little,rich,3749,24,furniture/equipment,good,1
313,313,25,male,1,own,little,moderate,685,12,car,bad,1
314,314,29,male,1,own,,rich,1494,4,car,good,1
315,315,31,male,2,own,little,little,2746,36,furniture/equipment,bad,0
316,316,38,male,1,own,little,little,708,12,furniture/equipment,good,1
317,317,48,female,1,own,,moderate,4351,24,furniture/equipment,good,1
318,318,32,male,2,own,little,,701,12,education,good,1
319,319,27,female,1,own,little,little,3643,15,furniture/equipment,good,0
320,320,28,male,3,own,little,moderate,4249,30,car,bad,1
321,321,32,male,2,own,little,little,1938,24,radio/TV,bad,1
322,322,34,male,3,free,little,little,2910,24,car,good,0
323,323,28,male,2,own,rich,little,2659,18,furniture/equipment,good,1
324,324,36,female,2,own,little,,1028,18,car,good,1
325,325,39,male,1,own,little,little,3398,8,car,good,1
326,326,49,male,2,rent,,,5801,12,furniture/equipment,good,1
327,327,34,female,2,own,rich,,1525,24,car,good,1
328,328,31,male,2,own,little,rich,4473,36,radio/TV,good,1
329,329,28,male,2,own,little,moderate,1068,6,radio/TV,good,1
330,330,75,male,3,free,little,little,6615,24,car,good,1
331,331,30,female,2,own,moderate,,1864,18,education,bad,1
332,332,24,female,3,own,moderate,moderate,7408,60,car,bad,0
333,333,24,female,1,rent,moderate,,11590,48,car,bad,0
334,334,23,male,2,rent,little,little,4110,24,furniture/equipment,bad,0
335,335,44,male,3,rent,little,little,3384,6,furniture/equipment,bad,1
336,336,23,female,1,own,little,moderate,2101,13,radio/TV,good,1
337,337,24,female,2,rent,,little,1275,15,domestic appliances,bad,0
338,338,28,male,2,own,little,little,4169,24,furniture/equipment,good,1
339,339,31,male,1,own,little,moderate,1521,10,furniture/equipment,good,1
340,340,24,female,2,free,little,moderate,5743,24,education,good,0
341,341,26,female,1,rent,little,little,3599,21,furniture/equipment,good,0
342,342,25,male,2,rent,quite rich,moderate,3213,18,radio/TV,good,1
343,343,33,male,3,own,little,moderate,4439,18,business,good,1
344,344,37,male,1,own,little,rich,3949,10,car,good,1
345,345,43,female,1,own,little,,1459,15,radio/TV,good,1
346,346,23,male,2,own,little,moderate,882,13,radio/TV,good,1
347,347,23,female,0,rent,quite rich,moderate,3758,24,radio/TV,good,0
348,348,34,male,1,own,moderate,,1743,6,business,good,1
349,349,32,male,2,free,rich,moderate,1136,9,education,bad,1
350,350,23,female,2,rent,little,,1236,9,domestic appliances,good,1
351,351,29,female,2,own,little,moderate,959,9,furniture/equipment,bad,1
352,352,38,male,3,own,,,3229,18,car,good,1
353,353,28,male,2,rent,little,little,6199,12,radio/TV,bad,1
354,354,46,male,2,free,quite rich,,727,10,education,good,1
355,355,23,male,1,own,little,moderate,1246,24,car,bad,0
356,356,49,male,2,own,,,2331,12,radio/TV,good,1
357,357,26,male,3,own,little,,4463,36,radio/TV,bad,1
358,358,28,male,2,own,little,,776,12,radio/TV,good,1
359,359,23,female,2,rent,little,little,2406,30,furniture/equipment,bad,0
360,360,61,male,2,free,,moderate,1239,18,education,good,1
361,361,37,male,3,own,,rich,3399,12,radio/TV,good,1
362,362,36,female,2,own,little,rich,2247,12,car,good,1
363,363,21,male,2,rent,little,,1766,6,furniture/equipment,good,1
364,364,25,male,0,own,little,little,2473,18,furniture/equipment,bad,1
365,365,36,male,2,own,little,,1542,12,business,good,1
366,366,27,male,2,own,little,,3850,18,car,good,1
367,367,22,female,2,rent,little,little,3650,18,furniture/equipment,good,0
368,368,42,male,2,own,little,little,3446,36,furniture/equipment,bad,0
369,369,40,female,2,rent,little,moderate,3001,18,furniture/equipment,good,1
370,370,36,male,2,own,,,3079,36,car,good,1
371,371,33,male,2,own,little,,6070,18,radio/TV,good,1
372,372,23,female,2,rent,little,,2146,10,furniture/equipment,good,1
373,373,63,male,3,free,,,13756,60,car,good,1
374,374,60,female,3,free,moderate,moderate,14782,60,vacation/others,bad,0
375,375,37,female,2,rent,little,little,7685,48,business,bad,0
376,376,34,male,2,own,little,,2320,18,radio/TV,good,1
377,377,36,male,2,free,,,846,7,radio/TV,good,1
378,378,57,male,3,free,little,moderate,14318,36,car,bad,0
379,379,52,female,1,own,moderate,,362,6,car,good,1
380,380,39,male,2,own,,little,2212,20,furniture/equipment,good,1
381,381,38,female,3,free,little,moderate,12976,18,car,bad,0
382,382,25,female,2,rent,,,1283,22,car,good,1
383,383,26,male,2,own,little,rich,1330,12,car,good,1
384,384,26,male,1,own,moderate,,4272,30,business,good,1
385,385,25,female,2,own,little,,2238,18,radio/TV,good,1
386,386,21,female,2,rent,,,1126,18,radio/TV,good,1
387,387,40,male,3,own,little,moderate,7374,18,furniture/equipment,good,1
388,388,27,male,2,own,quite rich,moderate,2326,15,business,good,1
389,389,27,female,2,own,little,,1449,9,business,good,1
390,390,30,male,3,own,little,,1820,18,car,good,1
391,391,19,female,1,rent,rich,moderate,983,12,furniture/equipment,good,1
392,392,39,male,3,free,little,little,3249,36,car,good,0
393,393,31,female,2,own,little,little,1957,6,radio/TV,good,1
394,394,31,male,3,own,little,,2406,9,furniture/equipment,good,1
395,395,32,male,2,rent,moderate,moderate,11760,39,education,good,0
396,396,55,female,3,free,little,little,2578,12,furniture/equipment,good,1
397,397,46,male,2,own,little,little,2348,36,furniture/equipment,good,1
398,398,46,male,2,rent,little,moderate,1223,12,car,bad,1
399,399,43,female,1,own,rich,,1516,24,radio/TV,good,1
400,400,39,male,2,own,little,,1473,18,radio/TV,good,1
401,401,28,male,2,own,,moderate,1887,18,business,good,1
402,402,27,male,2,own,little,,8648,24,business,bad,1
403,403,27,male,1,own,little,,802,14,car,good,1
404,404,43,male,2,own,,moderate,2899,18,car,good,1
405,405,22,male,2,own,little,moderate,2039,24,radio/TV,bad,1
406,406,43,male,2,own,,,2197,24,car,good,1
407,407,27,male,2,own,little,little,1053,15,radio/TV,good,1
408,408,26,male,3,own,quite rich,,3235,24,radio/TV,good,1
409,409,28,male,2,own,quite rich,rich,939,12,car,bad,1
410,410,20,female,2,own,little,moderate,1967,24,radio/TV,good,1
411,411,35,male,3,own,little,,7253,33,car,good,1
412,412,42,male,3,own,little,,2292,12,business,bad,1
413,413,40,male,1,rent,quite rich,,1597,10,car,good,1
414,414,35,female,2,own,,little,1381,24,car,bad,1
415,415,35,male,2,own,little,,5842,36,car,good,1
416,416,33,male,1,own,little,little,2579,12,car,bad,1
417,417,23,female,2,rent,,little,8471,18,education,good,0
418,418,31,female,3,own,quite rich,,2782,21,car,good,1
419,419,33,female,2,own,,moderate,1042,18,car,bad,1
420,420,20,female,2,rent,rich,,3186,15,car,good,1
421,421,30,male,2,own,,moderate,2028,12,car,good,1
422,422,47,male,1,own,little,moderate,958,12,car,good,1
423,423,34,male,3,own,moderate,,1591,21,furniture/equipment,good,1
424,424,25,female,2,own,,moderate,2762,12,furniture/equipment,bad,1
425,425,21,male,2,rent,little,moderate,2779,18,car,good,0
426,426,29,male,2,own,little,,2743,28,radio/TV,good,1
427,427,46,male,2,own,rich,,1149,18,radio/TV,good,1
428,428,20,male,2,own,little,,1313,9,furniture/equipment,good,1
429,429,55,female,0,free,little,little,1190,18,repairs,bad,0
430,430,74,male,1,own,little,,3448,5,business,good,1
431,431,29,male,3,own,little,moderate,11328,24,vacation/others,bad,0
432,432,36,male,3,free,little,little,1872,6,furniture/equipment,good,1
433,433,33,male,2,own,little,,2058,24,repairs,good,1
434,434,25,male,2,own,little,little,2136,9,furniture/equipment,good,1
435,435,25,male,2,own,,moderate,1484,12,radio/TV,bad,1
436,436,23,male,1,rent,quite rich,,660,6,repairs,good,1
437,437,37,female,2,own,rich,,1287,24,car,good,1
438,438,65,male,0,own,little,little,3394,42,repairs,good,0
439,439,26,female,0,own,little,rich,609,12,business,bad,1
440,440,39,male,3,own,little,,1884,12,car,good,1
441,441,30,female,2,own,little,little,1620,12,furniture/equipment,good,1
442,442,29,male,2,own,little,moderate,2629,20,vacation/others,good,1
443,443,41,male,1,own,little,,719,12,education,bad,1
444,444,30,female,3,own,little,moderate,5096,48,furniture/equipment,bad,0
445,445,41,female,1,rent,,,1244,9,education,good,1
446,446,34,female,2,own,little,little,1842,36,car,bad,0
447,447,35,male,2,own,little,moderate,2576,7,radio/TV,good,1
448,448,55,female,3,own,,rich,1424,12,furniture/equipment,good,1
449,449,61,male,2,own,rich,moderate,1512,15,repairs,bad,1
450,450,30,male,3,own,,,11054,36,car,good,1
451,451,29,female,2,own,little,,518,6,radio/TV,good,1
452,452,34,male,2,own,little,,2759,12,furniture/equipment,good,1
453,453,35,male,3,own,little,,2670,24,car,good,1
454,454,31,male,2,own,little,little,4817,24,car,bad,0
455,455,29,female,3,own,little,,2679,24,car,good,1
456,456,36,male,2,rent,little,little,3905,11,car,good,1
457,457,35,male,2,free,little,little,3386,12,car,bad,1
458,458,27,female,2,own,little,little,343,6,domestic appliances,good,0
459,459,32,male,2,own,little,,4594,18,radio/TV,good,1
460,460,37,male,2,own,little,little,3620,36,furniture/equipment,good,0
461,461,36,male,2,own,little,little,1721,15,car,good,1
462,462,34,female,3,rent,little,moderate,3017,12,furniture/equipment,good,1
463,463,38,male,2,own,,moderate,754,12,education,good,1
464,464,34,male,2,own,little,,1950,18,business,good,1
465,465,63,male,2,own,little,little,2924,24,car,good,1
466,466,29,female,1,rent,little,little,1659,24,radio/TV,bad,0
467,467,32,male,2,own,,,7238,48,radio/TV,good,1
468,468,26,female,2,own,little,,2764,33,business,good,1
469,469,35,male,1,own,little,,4679,24,car,good,1
470,470,22,male,2,rent,moderate,moderate,3092,24,radio/TV,bad,1
471,471,23,female,2,own,little,little,448,6,education,bad,0
472,472,28,male,1,own,little,little,654,9,car,bad,1
473,473,36,male,3,own,,,1238,6,education,good,1
474,474,33,male,2,own,little,moderate,1245,18,radio/TV,bad,1
475,475,26,female,2,rent,little,little,3114,18,furniture/equipment,bad,0
476,476,24,male,2,own,quite rich,,2569,39,car,good,1
477,477,25,male,2,own,little,rich,5152,24,radio/TV,good,1
478,478,39,male,1,own,moderate,moderate,1037,12,business,good,1
479,479,44,male,2,own,little,little,1478,15,furniture/equipment,good,1
480,480,23,female,1,own,little,moderate,3573,12,radio/TV,good,1
481,481,26,male,2,own,little,moderate,1201,24,car,good,1
482,482,57,female,2,rent,rich,little,3622,30,furniture/equipment,good,1
483,483,30,female,2,own,rich,,960,15,furniture/equipment,good,1
484,484,44,male,2,own,quite rich,,1163,12,car,good,1
485,485,47,male,3,own,little,moderate,1209,6,car,bad,1
486,486,52,male,2,own,little,,3077,12,radio/TV,good,1
487,487,62,female,2,free,little,,3757,24,car,good,1
488,488,35,male,1,rent,moderate,,1418,10,car,good,1
489,489,26,male,2,rent,little,,3518,6,car,good,1
490,490,26,male,2,own,little,,1934,12,radio/TV,good,1
491,491,42,female,3,free,little,moderate,8318,27,business,bad,0
492,492,27,female,2,own,moderate,,1237,6,radio/TV,good,1
493,493,38,male,2,own,,moderate,368,6,radio/TV,good,1
494,494,39,male,1,rent,little,little,2122,12,car,good,1
495,495,20,male,2,own,,little,2996,24,furniture/equipment,bad,1
496,496,29,male,3,rent,moderate,moderate,9034,36,furniture/equipment,bad,0
497,497,40,male,2,own,little,,1585,24,furniture/equipment,good,1
498,498,32,male,1,own,little,moderate,1301,18,radio/TV,good,1
499,499,28,male,2,own,moderate,rich,1323,6,car,good,1
500,500,27,female,2,own,little,little,3123,24,car,bad,0
501,501,42,male,2,free,little,little,5493,36,car,good,0
502,502,49,male,2,own,moderate,rich,1126,9,radio/TV,good,1
503,503,38,male,2,own,moderate,moderate,1216,24,radio/TV,bad,1
504,504,24,female,2,rent,little,little,1207,24,car,bad,0
505,505,27,male,1,own,,,1309,10,car,bad,1
506,506,36,male,2,own,quite rich,rich,2360,15,car,good,1
507,507,34,male,3,own,moderate,moderate,6850,15,car,bad,1
508,508,28,male,2,own,little,,1413,24,radio/TV,good,1
509,509,45,male,3,own,moderate,,8588,39,car,good,1
510,510,26,male,2,own,little,little,759,12,car,bad,1
511,511,32,male,3,free,little,,4686,36,car,good,1
512,512,26,male,2,rent,little,rich,2687,15,business,good,1
513,513,20,male,2,rent,little,moderate,585,12,radio/TV,good,1
514,514,54,male,2,own,,,2255,24,car,good,1
515,515,37,female,2,own,little,little,609,6,car,good,1
516,516,40,male,1,own,little,little,1361,6,car,good,1
517,517,23,female,2,rent,little,,7127,36,furniture/equipment,bad,1
518,518,43,male,2,own,moderate,little,1203,6,car,good,1
519,519,36,male,2,free,,,700,6,radio/TV,good,1
520,520,44,male,2,free,little,,5507,24,repairs,good,1
521,521,24,female,2,own,little,little,3190,18,radio/TV,bad,1
522,522,53,male,2,free,little,little,7119,48,furniture/equipment,bad,0
523,523,23,female,2,own,moderate,,3488,24,car,good,1
524,524,26,female,1,own,little,moderate,1113,18,radio/TV,good,1
525,525,30,male,2,own,little,moderate,7966,26,car,good,0
526,526,31,female,2,own,moderate,,1532,15,education,good,1
527,527,42,male,1,own,little,,1503,4,radio/TV,good,1
528,528,31,male,2,rent,little,little,2302,36,radio/TV,bad,0
529,529,41,male,1,own,little,little,662,6,car,good,1
530,530,32,male,2,own,little,moderate,2273,36,education,good,0
531,531,28,female,2,rent,moderate,moderate,2631,15,car,bad,1
532,532,41,male,2,rent,little,,1503,12,car,good,1
533,533,26,male,2,own,moderate,,1311,24,radio/TV,good,1
534,534,25,male,2,own,,,3105,24,radio/TV,good,1
535,535,33,male,2,rent,little,rich,2319,21,education,bad,0
536,536,75,female,3,own,,little,1374,6,car,good,1
537,537,37,female,2,own,little,moderate,3612,18,furniture/equipment,good,1
538,538,42,male,3,free,little,little,7763,48,car,bad,0
539,539,45,female,1,own,little,rich,3049,18,furniture/equipment,good,1
540,540,23,male,2,rent,little,moderate,1534,12,radio/TV,bad,1
541,541,60,male,2,free,little,,2032,24,car,good,1
542,542,31,male,2,own,,little,6350,30,furniture/equipment,bad,1
543,543,34,male,1,own,little,rich,2864,18,furniture/equipment,bad,1
544,544,61,male,1,own,little,,1255,12,car,good,1
545,545,43,male,2,free,little,little,1333,24,car,bad,0
546,546,37,female,2,own,little,,2022,24,car,good,1
547,547,32,male,2,own,little,,1552,24,radio/TV,good,1
548,548,24,female,1,own,little,little,626,12,radio/TV,bad,1
549,549,35,male,2,free,,,8858,48,car,good,1
550,550,23,female,2,own,,,996,12,repairs,good,1
551,551,45,male,1,own,quite rich,,1750,6,radio/TV,good,1
552,552,34,male,2,own,little,little,6999,48,radio/TV,bad,0
553,553,27,male,2,own,moderate,moderate,1995,12,car,good,1
554,554,67,female,3,own,little,moderate,1199,9,education,good,1
555,555,22,male,2,own,little,moderate,1331,12,radio/TV,bad,1
556,556,28,female,2,own,moderate,moderate,2278,18,car,bad,1
557,557,29,female,2,own,,,5003,21,car,bad,1
558,558,27,male,2,own,little,little,3552,24,furniture/equipment,bad,1
559,559,31,male,1,own,little,moderate,1928,18,furniture/equipment,bad,1
560,560,49,male,2,free,,little,2964,24,car,good,1
561,561,24,male,1,rent,little,little,1546,24,radio/TV,bad,0
562,562,29,female,2,own,little,rich,683,6,radio/TV,good,1
563,563,37,male,2,free,,moderate,12389,36,car,bad,1
564,564,37,male,3,own,,moderate,4712,24,business,good,1
565,565,23,female,2,rent,moderate,moderate,1553,24,radio/TV,good,1
566,566,36,male,2,own,little,little,1372,12,car,bad,1
567,567,34,male,2,own,rich,,2578,24,radio/TV,good,1
568,568,41,male,2,own,,moderate,3979,48,radio/TV,good,1
569,569,31,female,2,own,little,little,6758,48,radio/TV,bad,0
570,570,23,female,1,rent,little,little,3234,24,furniture/equipment,bad,0
571,571,38,male,2,own,little,,5954,30,radio/TV,good,1
572,572,26,female,3,rent,,,5433,24,car,good,1
573,573,22,female,1,own,little,little,806,15,business,good,0
574,574,27,male,1,own,little,moderate,1082,9,radio/TV,good,1
575,575,24,female,2,own,little,,2788,15,furniture/equipment,good,1
576,576,27,female,2,own,little,moderate,2930,12,radio/TV,good,1
577,577,33,female,2,own,,,1927,24,education,good,1
578,578,27,male,2,own,little,moderate,2820,36,car,bad,0
579,579,27,male,1,own,little,,937,24,education,good,1
580,580,30,male,2,own,little,moderate,1056,18,car,bad,1
581,581,49,male,1,own,little,moderate,3124,12,car,good,1
582,582,26,female,2,rent,little,,1388,9,furniture/equipment,good,1
583,583,33,male,1,rent,little,moderate,2384,36,repairs,bad,0
584,584,52,female,3,free,,,2133,12,car,good,1
585,585,20,female,2,rent,little,little,2039,18,furniture/equipment,bad,0
586,586,36,male,2,rent,little,little,2799,9,car,good,1
587,587,21,male,1,own,little,little,1289,12,furniture/equipment,good,1
588,588,47,male,1,own,little,little,1217,18,domestic appliances,bad,1
589,589,60,male,2,own,little,little,2246,12,furniture/equipment,bad,1
590,590,58,female,1,own,little,little,385,12,radio/TV,good,1
591,591,42,female,2,rent,,moderate,1965,24,car,good,1
592,592,36,female,1,own,rich,,1572,21,business,good,1
593,593,20,female,1,rent,little,moderate,2718,24,car,bad,0
594,594,40,male,3,own,,little,1358,24,vacation/others,bad,1
595,595,32,female,1,own,moderate,moderate,931,6,car,bad,1
596,596,23,female,2,rent,little,little,1442,24,car,bad,0
597,597,36,male,1,own,little,moderate,4241,24,business,bad,1
598,598,31,male,2,own,little,,2775,18,car,bad,1
599,599,32,male,2,free,little,,3863,24,business,good,1
600,600,45,female,2,own,little,moderate,2329,7,radio/TV,good,1
601,601,30,female,2,own,little,moderate,918,9,furniture/equipment,bad,1
602,602,34,female,1,free,little,moderate,1837,24,education,bad,0
603,603,28,female,3,own,little,,3349,36,furniture/equipment,bad,1
604,604,23,female,2,own,little,rich,1275,10,furniture/equipment,good,1
605,605,22,male,2,own,quite rich,little,2828,24,furniture/equipment,good,1
606,606,74,male,3,own,little,,4526,24,business,good,1
607,607,50,female,2,free,moderate,moderate,2671,36,radio/TV,bad,1
608,608,33,male,2,own,little,,2051,18,radio/TV,good,1
609,609,45,male,2,free,,,1300,15,car,good,1
610,610,22,female,2,own,moderate,little,741,12,domestic appliances,bad,0
611,611,48,female,1,free,moderate,rich,1240,10,car,bad,1
612,612,29,female,2,own,rich,little,3357,21,radio/TV,good,1
613,613,22,female,2,rent,little,little,3632,24,car,good,0
614,614,22,female,2,own,little,,1808,18,furniture/equipment,bad,1
615,615,48,male,3,own,,moderate,12204,48,business,good,1
616,616,27,male,3,free,,moderate,9157,60,radio/TV,good,0
617,617,37,male,2,rent,little,little,3676,6,car,good,1
618,618,21,female,2,rent,moderate,moderate,3441,30,furniture/equipment,bad,0
619,619,49,male,1,own,little,,640,12,car,good,1
620,620,27,male,2,own,little,moderate,3652,21,business,good,1
621,621,32,male,2,own,little,,1530,18,car,bad,1
622,622,38,male,2,own,,,3914,48,business,bad,1
623,623,22,female,2,rent,little,little,1858,12,furniture/equipment,good,0
624,624,65,male,2,free,little,little,2600,18,radio/TV,bad,1
625,625,35,male,2,own,,,1979,15,radio/TV,good,1
626,626,41,male,2,own,little,rich,2116,6,furniture/equipment,good,1
627,627,29,male,2,own,moderate,moderate,1437,9,car,bad,1
628,628,36,male,2,own,quite rich,,4042,42,furniture/equipment,good,1
629,629,64,male,1,own,,,3832,9,education,good,1
630,630,28,female,2,own,little,little,3660,24,radio/TV,good,0
631,631,44,male,2,own,little,little,1553,18,furniture/equipment,bad,1
632,632,23,male,2,own,,moderate,1444,15,radio/TV,good,1
633,633,19,female,2,rent,little,,1980,9,furniture/equipment,bad,1
634,634,25,female,1,own,little,moderate,1355,24,car,bad,0
635,635,47,male,2,own,little,,1393,12,education,good,1
636,636,28,female,2,own,quite rich,,1376,24,radio/TV,good,1
637,637,21,male,2,own,little,,15653,60,radio/TV,good,1
638,638,34,female,2,own,little,,1493,12,radio/TV,good,1
639,639,26,male,2,own,little,little,4370,42,radio/TV,bad,0
640,640,27,female,0,own,little,little,750,18,education,bad,0
641,641,38,male,1,own,little,moderate,1308,15,repairs,good,1
642,642,40,male,3,own,moderate,,4623,15,education,bad,1
643,643,33,male,2,own,little,,1851,24,radio/TV,good,1
644,644,32,male,3,own,little,little,1880,18,radio/TV,good,1
645,645,27,male,2,rent,,,7980,36,business,bad,1
646,646,32,male,2,own,little,little,4583,30,furniture/equipment,good,0
647,647,26,female,2,own,quite rich,,1386,12,car,bad,1
648,648,38,male,2,free,little,rich,947,24,car,bad,1
649,649,40,male,1,rent,little,little,684,12,education,bad,0
650,650,50,male,3,free,little,little,7476,48,education,good,0
651,651,37,male,1,own,little,moderate,1922,12,furniture/equipment,bad,1
652,652,45,male,2,own,little,little,2303,24,car,bad,1
653,653,42,male,3,own,moderate,moderate,8086,36,car,bad,1
654,654,35,male,2,own,little,,2346,24,car,good,1
655,655,22,male,2,free,little,little,3973,14,car,good,0
656,656,41,male,1,own,little,moderate,888,12,car,bad,1
657,657,37,male,2,own,,,10222,48,radio/TV,good,1
658,658,28,female,2,own,little,moderate,4221,30,business,good,0
659,659,41,male,2,own,little,moderate,6361,18,furniture/equipment,good,1
660,660,23,male,2,rent,little,rich,1297,12,radio/TV,good,1
661,661,23,male,2,own,,little,900,12,car,bad,1
662,662,50,male,2,own,little,,2241,21,furniture/equipment,good,1
663,663,35,male,3,own,little,moderate,1050,6,furniture/equipment,good,1
664,664,50,female,1,own,little,rich,1047,6,education,good,1
665,665,27,male,3,own,little,,6314,24,vacation/others,good,1
666,666,34,male,2,own,rich,moderate,3496,30,furniture/equipment,good,1
667,667,27,female,2,own,little,,3609,48,business,good,1
668,668,43,male,2,rent,little,little,4843,12,car,bad,1
669,669,47,male,2,own,little,rich,3017,30,radio/TV,good,1
670,670,27,male,1,own,moderate,,4139,24,business,good,1
671,671,31,male,2,own,moderate,,5742,36,business,good,1
672,672,42,male,3,own,little,,10366,60,car,good,1
673,673,24,male,2,own,quite rich,,2080,6,car,good,1
674,674,41,male,1,own,quite rich,,2580,21,business,bad,1
675,675,26,female,3,rent,little,,4530,30,radio/TV,good,1
676,676,33,male,2,own,little,,5150,24,furniture/equipment,good,1
677,677,24,male,2,own,moderate,moderate,5595,72,radio/TV,bad,0
678,678,64,male,1,rent,little,little,2384,24,radio/TV,good,1
679,679,26,female,2,own,little,,1453,18,radio/TV,good,1
680,680,56,female,2,own,little,,1538,6,education,good,1
681,681,37,male,2,free,,,2279,12,radio/TV,good,1
682,682,33,male,2,own,little,,1478,15,radio/TV,good,1
683,683,47,male,2,free,little,,5103,24,radio/TV,good,1
684,684,31,male,1,own,moderate,moderate,9857,36,business,good,0
685,685,34,male,2,free,,,6527,60,car,good,1
686,686,27,male,2,own,,rich,1347,10,radio/TV,good,1
687,687,30,male,2,free,moderate,moderate,2862,36,car,good,0
688,688,35,male,2,own,moderate,,2753,9,radio/TV,good,1
689,689,31,male,2,own,rich,little,3651,12,car,good,1
690,690,25,male,2,own,little,little,975,15,furniture/equipment,good,1
691,691,25,female,1,own,moderate,moderate,2631,15,repairs,good,0
692,692,29,male,2,own,moderate,moderate,2896,24,radio/TV,good,1
693,693,44,male,1,own,,little,4716,6,car,good,1
694,694,28,male,2,own,little,,2284,24,radio/TV,good,1
695,695,50,male,2,rent,quite rich,,1236,6,car,good,1
696,696,29,male,2,own,little,moderate,1103,12,radio/TV,good,1
697,697,38,female,0,own,little,,926,12,car,good,1
698,698,24,male,2,own,little,,1800,18,radio/TV,good,1
699,699,40,male,3,rent,little,rich,1905,15,education,good,1
700,700,29,female,1,rent,quite rich,,1123,12,furniture/equipment,bad,1
701,701,46,male,2,free,little,little,6331,48,car,bad,0
702,702,47,female,2,free,moderate,rich,1377,24,radio/TV,good,1
703,703,41,male,2,own,moderate,moderate,2503,30,business,good,1
704,704,32,female,2,own,little,moderate,2528,27,business,good,0
705,705,35,female,2,free,quite rich,,5324,15,car,good,1
706,706,24,male,2,own,moderate,moderate,6560,48,car,bad,0
707,707,25,female,2,rent,little,moderate,2969,12,furniture/equipment,bad,1
708,708,25,female,2,own,little,moderate,1206,9,radio/TV,good,1
709,709,37,male,1,own,little,moderate,2118,9,radio/TV,good,1
710,710,32,male,3,own,quite rich,,629,18,radio/TV,good,1
711,711,35,female,2,free,little,little,1198,6,education,bad,0
712,712,46,male,3,own,,,2476,21,car,good,1
713,713,25,male,1,own,little,little,1138,9,radio/TV,good,1
714,714,27,male,3,own,little,moderate,14027,60,car,bad,0
715,715,63,male,2,own,,,7596,30,car,good,1
716,716,40,male,2,own,,,3077,30,radio/TV,good,1
717,717,32,male,3,free,little,,1505,18,radio/TV,good,1
718,718,31,male,2,own,,rich,3148,24,radio/TV,good,1
719,719,31,male,2,own,moderate,moderate,6148,20,car,good,1
720,720,34,male,3,own,little,rich,1337,9,radio/TV,bad,1
721,721,24,female,2,rent,rich,moderate,433,6,education,bad,1
722,722,24,female,1,own,little,little,1228,12,car,bad,0
723,723,66,female,1,own,quite rich,moderate,790,9,radio/TV,good,1
724,724,21,female,2,rent,little,,2570,27,car,bad,1
725,725,41,female,1,own,rich,,250,6,car,good,1
726,726,47,male,1,own,quite rich,,1316,15,radio/TV,good,1
727,727,25,female,2,rent,little,little,1882,18,radio/TV,bad,0
728,728,59,female,2,rent,little,moderate,6416,48,business,bad,0
729,729,36,male,2,own,rich,rich,1275,24,business,good,1
730,730,33,male,2,own,little,moderate,6403,24,radio/TV,good,1
731,731,21,male,1,rent,little,little,1987,24,radio/TV,bad,0
732,732,44,female,1,own,little,moderate,760,8,radio/TV,good,1
733,733,28,female,2,rent,rich,,2603,24,car,good,1
734,734,37,female,2,own,little,,3380,4,car,good,1
735,735,29,female,0,own,,moderate,3990,36,domestic appliances,good,0
736,736,23,female,3,rent,little,moderate,11560,24,car,bad,0
737,737,35,male,1,own,moderate,little,4380,18,car,good,1
738,738,45,male,3,own,little,,6761,6,car,good,1
739,739,26,female,1,rent,moderate,moderate,4280,30,business,bad,0
740,740,32,male,2,own,moderate,little,2325,24,car,good,1
741,741,23,male,1,own,little,moderate,1048,10,radio/TV,good,1
742,742,41,male,2,own,,,3160,21,radio/TV,good,1
743,743,22,male,2,own,quite rich,little,2483,24,furniture/equipment,good,1
744,744,30,male,3,own,,little,14179,39,furniture/equipment,good,1
745,745,28,male,1,own,little,little,1797,13,business,good,1
746,746,23,female,2,rent,little,little,2511,15,car,good,0
747,747,37,female,1,own,little,little,1274,12,car,bad,0
748,748,26,male,2,own,,,5248,21,car,good,1
749,749,33,male,2,own,little,,3029,15,car,good,1
750,750,49,female,2,own,little,little,428,6,furniture/equipment,good,1
751,751,23,female,1,own,little,little,976,18,car,bad,0
752,752,23,female,1,rent,moderate,moderate,841,12,business,good,1
753,753,25,female,2,own,little,,5771,30,radio/TV,good,1
754,754,55,male,2,free,rich,,1555,12,repairs,bad,1
755,755,32,female,2,rent,,little,1285,24,car,bad,1
756,756,74,male,0,own,little,rich,1299,6,car,good,1
757,757,39,male,2,free,,rich,1271,15,radio/TV,bad,1
758,758,31,male,2,own,little,,1393,24,car,good,1
759,759,35,male,2,own,little,little,691,12,car,bad,1
760,760,59,female,2,own,,,5045,15,car,good,1
761,761,24,female,2,rent,little,little,2124,18,furniture/equipment,bad,0
762,762,24,male,1,own,little,little,2214,12,radio/TV,good,1
763,763,30,male,3,free,,,12680,21,car,bad,1
764,764,27,male,2,own,moderate,,2463,24,car,good,1
765,765,40,male,1,own,little,moderate,1155,12,radio/TV,good,1
766,766,31,male,1,own,little,little,3108,30,furniture/equipment,bad,0
767,767,31,female,2,rent,,,2901,10,car,good,1
768,768,28,male,2,rent,little,moderate,3617,12,furniture/equipment,good,1
769,769,63,male,1,own,little,,1655,12,radio/TV,good,1
770,770,26,female,2,rent,,little,2812,24,car,good,0
771,771,25,female,3,own,little,little,8065,36,education,bad,0
772,772,36,male,3,own,little,,3275,21,car,good,1
773,773,52,male,2,own,moderate,,2223,24,radio/TV,good,1
774,774,66,male,0,free,quite rich,rich,1480,12,car,good,1
775,775,25,female,2,rent,,little,1371,24,car,bad,0
776,776,37,male,2,own,little,,3535,36,car,good,1
777,777,25,female,2,own,little,little,3509,18,radio/TV,good,1
778,778,38,male,3,own,rich,,5711,36,car,good,1
779,779,67,female,2,own,little,moderate,3872,18,repairs,good,1
780,780,25,male,2,own,little,moderate,4933,39,radio/TV,bad,1
781,781,60,male,2,own,rich,,1940,24,car,good,1
782,782,31,male,1,own,little,moderate,1410,12,education,good,0
783,783,23,female,1,own,moderate,moderate,836,12,car,bad,1
784,784,60,male,3,own,,moderate,6468,20,car,good,1
785,785,35,male,1,own,rich,moderate,1941,18,business,good,1
786,786,40,male,2,own,quite rich,,2675,22,radio/TV,good,1
787,787,38,male,2,own,,,2751,48,car,good,1
788,788,50,male,2,free,little,moderate,6224,48,education,bad,0
789,789,27,male,2,own,little,little,5998,40,education,bad,0
790,790,39,female,2,own,little,moderate,1188,21,business,bad,1
791,791,41,male,3,own,,,6313,24,car,good,1
792,792,27,male,2,own,,,1221,6,furniture/equipment,good,1
793,793,51,male,2,free,little,rich,2892,24,furniture/equipment,good,1
794,794,32,male,2,rent,quite rich,,3062,24,furniture/equipment,good,1
795,795,22,female,2,rent,moderate,,2301,9,furniture/equipment,good,1
796,796,51,male,2,free,,little,7511,18,car,bad,1
797,797,22,female,1,rent,little,,1258,12,furniture/equipment,good,1
798,798,54,male,2,own,,,717,24,car,good,1
799,799,35,male,0,own,,moderate,1549,9,car,good,1
800,800,54,male,2,free,little,,1597,24,education,good,1
801,801,48,female,1,rent,little,moderate,1795,18,radio/TV,good,1
802,802,24,female,2,own,little,little,4272,20,furniture/equipment,good,0
803,803,35,male,2,own,,,976,12,radio/TV,good,1
804,804,24,female,0,rent,,moderate,7472,12,car,good,1
805,805,24,male,2,own,little,little,9271,36,car,bad,0
806,806,26,male,1,own,little,moderate,590,6,radio/TV,good,1
807,807,65,male,2,own,,,930,12,radio/TV,good,1
808,808,55,male,3,free,little,moderate,9283,42,car,good,0
809,809,26,female,0,rent,little,moderate,1778,15,car,bad,0
810,810,26,male,2,own,little,moderate,907,8,business,good,1
811,811,28,male,1,own,little,moderate,484,6,radio/TV,good,1
812,812,24,male,2,own,little,little,9629,36,car,bad,0
813,813,54,male,2,own,little,little,3051,48,domestic appliances,bad,0
814,814,46,male,2,free,little,little,3931,48,car,bad,0
815,815,54,female,2,rent,little,moderate,7432,36,car,good,0
816,816,62,male,2,own,quite rich,,1338,6,domestic appliances,good,1
817,817,24,female,2,rent,little,,1554,6,radio/TV,good,1
818,818,43,male,3,own,little,little,15857,36,vacation/others,good,0
819,819,26,male,2,own,little,little,1345,18,radio/TV,bad,1
820,820,27,male,2,own,little,,1101,12,car,good,1
821,821,24,male,2,own,little,rich,3016,12,radio/TV,good,1
822,822,41,male,2,own,little,little,2712,36,furniture/equipment,bad,0
823,823,47,male,1,own,little,little,731,8,car,good,1
824,824,35,male,3,own,little,,3780,18,furniture/equipment,good,1
825,825,30,male,2,own,little,little,1602,21,car,good,1
826,826,33,female,2,rent,little,little,3966,18,car,bad,0
827,827,36,male,2,own,little,,4165,18,business,bad,1
828,828,47,male,2,free,,little,8335,36,car,bad,1
829,829,38,male,2,free,,moderate,6681,48,business,good,1
830,830,44,male,2,own,quite rich,,2375,24,business,good,1
831,831,23,female,2,rent,little,little,1216,18,car,bad,0
832,832,29,male,2,rent,little,little,11816,45,business,bad,0
833,833,42,female,2,own,,moderate,5084,24,radio/TV,good,1
834,834,25,female,1,own,little,rich,2327,15,radio/TV,bad,1
835,835,48,male,2,own,little,little,1082,12,car,bad,1
836,836,21,female,2,own,,,886,12,radio/TV,good,1
837,837,23,female,1,rent,little,,601,4,furniture/equipment,good,1
838,838,63,male,2,own,little,little,2957,24,car,good,1
839,839,46,male,2,own,little,,2611,24,radio/TV,good,1
840,840,29,male,2,own,little,little,5179,36,furniture/equipment,bad,0
841,841,28,male,1,own,little,,2993,21,car,good,1
842,842,23,female,2,own,little,,1943,18,repairs,bad,1
843,843,50,male,2,own,little,,1559,24,business,good,1
844,844,47,male,2,own,little,,3422,18,furniture/equipment,good,1
845,845,35,male,2,own,,moderate,3976,21,furniture/equipment,good,1
846,846,68,male,2,rent,,,6761,18,car,bad,1
847,847,28,male,2,own,little,,1249,24,car,good,1
848,848,59,male,2,own,little,little,1364,9,radio/TV,good,1
849,849,57,male,1,own,little,little,709,12,radio/TV,bad,1
850,850,33,male,2,rent,little,little,2235,20,car,bad,0
851,851,43,male,2,own,,,4042,24,car,good,1
852,852,35,male,2,free,little,,1471,15,radio/TV,good,1
853,853,32,male,1,free,little,little,1442,18,car,bad,0
854,854,45,male,2,own,little,,10875,36,car,good,1
855,855,33,male,2,own,moderate,,1474,24,car,good,1
856,856,40,female,2,own,,,894,10,education,good,1
857,857,28,male,2,free,little,,3343,15,furniture/equipment,good,1
858,858,29,female,2,own,little,little,3959,15,car,bad,0
859,859,26,male,2,rent,moderate,,3577,9,car,good,1
860,860,27,male,2,own,rich,,5804,24,car,good,1
861,861,28,male,2,own,little,,2169,18,business,bad,1
862,862,35,female,2,own,little,little,2439,24,radio/TV,bad,1
863,863,32,male,1,own,rich,,4526,27,furniture/equipment,good,1
864,864,25,male,1,rent,little,,2210,10,furniture/equipment,bad,1
865,865,20,female,2,rent,quite rich,,2221,15,furniture/equipment,good,1
866,866,27,female,2,own,little,little,2389,18,radio/TV,good,1
867,867,42,male,2,own,little,,3331,12,furniture/equipment,good,1
868,868,37,male,2,own,,,7409,36,business,good,1
869,869,24,female,2,rent,little,little,652,12,furniture/equipment,good,0
870,870,40,female,2,own,quite rich,,7678,36,furniture/equipment,good,1
871,871,46,male,2,own,little,rich,1343,6,car,good,1
872,872,26,male,2,own,moderate,little,1382,24,business,good,1
873,873,24,female,2,own,,,874,15,domestic appliances,good,1
874,874,29,male,1,own,little,little,3590,12,furniture/equipment,good,1
875,875,40,female,2,own,rich,moderate,1322,11,car,good,1
876,876,36,male,3,free,little,little,1940,18,radio/TV,good,1
877,877,28,male,2,own,little,,3595,36,radio/TV,good,1
878,878,27,male,3,free,little,little,1422,9,car,bad,1
879,879,36,male,2,own,,,6742,30,radio/TV,good,1
880,880,38,male,3,own,little,,7814,24,car,good,1
881,881,48,male,2,free,,,9277,24,car,good,1
882,882,36,male,2,own,,moderate,2181,30,car,good,1
883,883,65,female,0,own,little,,1098,18,radio/TV,good,1
884,884,43,male,2,own,little,moderate,4057,24,furniture/equipment,bad,1
885,885,53,female,2,own,little,little,795,12,education,bad,0
886,886,34,male,2,own,,moderate,2825,24,business,good,1
887,887,23,male,2,own,little,moderate,15672,48,business,bad,0
888,888,34,male,3,own,little,,6614,36,car,good,1
889,889,40,male,2,rent,,,7824,28,car,good,1
890,890,43,male,3,own,little,little,2442,27,business,good,1
891,891,46,male,2,own,little,,1829,15,radio/TV,good,1
892,892,38,male,1,own,little,little,2171,12,car,good,1
893,893,34,male,2,own,little,moderate,5800,36,car,good,0
894,894,29,male,2,own,,,1169,18,radio/TV,good,1
895,895,31,male,3,own,,,8947,36,car,good,1
896,896,28,female,3,rent,little,little,2606,21,radio/TV,good,0
897,897,35,female,2,own,rich,,1592,12,furniture/equipment,good,1
898,898,33,female,1,rent,,,2186,15,furniture/equipment,good,1
899,899,42,male,2,own,little,little,4153,18,furniture/equipment,bad,1
900,900,43,male,2,rent,little,little,2625,16,car,bad,1
901,901,44,male,2,own,,,3485,20,car,good,1
902,902,42,male,2,free,,,10477,36,car,good,1
903,903,40,male,2,rent,,,1386,15,radio/TV,good,1
904,904,36,male,3,own,little,,1278,24,radio/TV,good,1
905,905,20,male,3,rent,little,little,1107,12,radio/TV,good,1
906,906,24,male,1,own,,little,3763,21,car,good,1
907,907,27,male,2,own,,moderate,3711,36,education,good,0
908,908,46,female,1,own,little,,3594,15,car,good,1
909,909,33,female,1,own,,moderate,3195,9,car,good,1
910,910,34,female,2,own,little,,4454,36,radio/TV,good,1
911,911,25,female,1,own,little,moderate,4736,24,furniture/equipment,bad,0
912,912,25,female,2,own,,moderate,2991,30,radio/TV,good,1
913,913,28,male,2,own,rich,,2142,11,business,good,1
914,914,31,male,2,rent,little,little,3161,24,business,bad,0
915,915,32,female,3,own,little,moderate,18424,48,vacation/others,bad,0
916,916,32,male,2,own,moderate,,2848,10,car,good,1
917,917,68,male,3,own,little,little,14896,6,car,bad,1
918,918,33,male,2,own,moderate,little,2359,24,furniture/equipment,bad,1
919,919,39,male,3,rent,little,little,3345,24,furniture/equipment,bad,1
920,920,28,female,2,own,little,,1817,18,furniture/equipment,good,1
921,921,37,male,3,own,quite rich,,12749,48,radio/TV,good,1
922,922,22,female,2,rent,little,little,1366,9,radio/TV,bad,1
923,923,30,male,2,rent,little,moderate,2002,12,car,good,1
924,924,55,male,2,own,little,little,6872,24,furniture/equipment,bad,1
925,925,46,male,2,own,little,little,697,12,car,bad,1
926,926,21,female,2,rent,little,little,1049,18,furniture/equipment,good,0
927,927,39,male,2,free,little,little,10297,48,car,bad,0
928,928,58,male,2,own,,,1867,30,radio/TV,good,1
929,929,43,male,1,own,little,little,1344,12,car,good,1
930,930,24,male,1,own,little,little,1747,24,furniture/equipment,good,0
931,931,22,female,2,own,little,moderate,1670,9,radio/TV,bad,1
932,932,30,male,2,own,little,,1224,9,car,good,1
933,933,42,male,2,own,quite rich,,522,12,radio/TV,good,1
934,934,23,female,2,own,little,little,1498,12,radio/TV,good,1
935,935,30,male,3,own,moderate,moderate,1919,30,radio/TV,bad,1
936,936,28,female,1,own,little,rich,745,9,radio/TV,bad,1
937,937,30,male,3,rent,little,moderate,2063,6,radio/TV,good,1
938,938,42,male,2,free,little,moderate,6288,60,education,bad,0
939,939,46,male,3,own,,,6842,24,car,good,1
940,940,45,male,3,own,,,3527,12,car,good,1
941,941,31,male,1,own,little,,1546,10,car,good,1
942,942,31,male,2,own,,,929,24,furniture/equipment,good,1
943,943,42,male,1,own,little,,1455,4,car,good,1
944,944,46,female,2,rent,little,little,1845,15,furniture/equipment,good,1
945,945,30,female,2,own,quite rich,moderate,8358,48,car,good,0
946,946,30,male,2,free,quite rich,little,3349,24,furniture/equipment,bad,1
947,947,38,male,3,own,,,2859,12,car,good,1
948,948,43,male,1,own,little,,1533,18,furniture/equipment,bad,1
949,949,31,male,2,own,moderate,,3621,24,radio/TV,bad,1
950,950,40,male,0,own,little,moderate,3590,18,business,good,1
951,951,24,male,2,own,little,little,2145,36,business,bad,0
952,952,28,female,2,rent,quite rich,moderate,4113,24,car,bad,0
953,953,26,female,3,own,little,,10974,36,furniture/equipment,bad,1
954,954,29,female,2,own,little,little,1893,12,car,good,0
955,955,57,female,3,rent,rich,little,1231,24,radio/TV,good,1
956,956,49,male,1,own,,rich,3656,30,radio/TV,good,1
957,957,37,male,1,own,little,moderate,1154,9,radio/TV,good,1
958,958,45,male,1,own,little,little,4006,28,car,bad,0
959,959,30,male,2,free,moderate,moderate,3069,24,furniture/equipment,good,1
960,960,30,male,2,rent,little,,1740,6,radio/TV,good,1
961,961,47,male,2,own,little,moderate,2353,21,car,good,1
962,962,29,male,2,own,,,3556,15,car,good,1
963,963,35,male,2,own,quite rich,,2397,24,radio/TV,bad,1
964,964,22,male,1,own,little,moderate,454,6,repairs,good,1
965,965,26,female,2,own,,moderate,1715,30,radio/TV,good,1
966,966,23,male,1,own,quite rich,moderate,2520,27,radio/TV,bad,1
967,967,54,female,3,rent,little,,3568,15,radio/TV,good,1
968,968,29,male,2,rent,,,7166,42,radio/TV,good,1
969,969,40,male,1,own,little,little,3939,11,car,good,1
970,970,22,male,2,own,moderate,moderate,1514,15,repairs,good,1
971,971,43,male,1,own,little,,7393,24,car,good,1
972,972,29,female,0,rent,little,little,1193,24,car,bad,0
973,973,36,male,2,rent,little,little,7297,60,business,bad,0
974,974,33,female,2,own,little,,2831,30,radio/TV,good,1
975,975,57,female,1,own,quite rich,rich,1258,24,radio/TV,good,1
976,976,64,female,2,own,little,moderate,753,6,radio/TV,good,1
977,977,42,male,2,own,,moderate,2427,18,business,good,1
978,978,47,male,1,own,little,,2538,24,car,bad,1
979,979,25,male,2,rent,moderate,moderate,1264,15,car,bad,1
980,980,49,male,2,own,little,moderate,8386,30,furniture/equipment,bad,1
981,981,33,male,3,rent,little,,4844,48,business,bad,1
982,982,28,female,3,own,moderate,rich,2923,21,car,good,1
983,983,26,male,2,own,little,little,8229,36,car,bad,0
984,984,30,male,1,own,little,,2028,24,furniture/equipment,good,1
985,985,25,female,2,rent,little,little,1433,15,furniture/equipment,good,0
986,986,33,male,2,own,little,rich,6289,42,business,good,1
987,987,64,female,2,own,moderate,,1409,13,radio/TV,good,1
988,988,29,male,3,free,little,little,6579,24,car,good,0
989,989,48,male,1,own,little,moderate,1743,24,radio/TV,good,1
990,990,37,male,1,own,,,3565,12,education,good,1
991,991,34,male,1,own,moderate,,1569,15,radio/TV,good,1
992,992,23,male,1,rent,,little,1936,18,radio/TV,good,1
993,993,30,male,3,own,little,little,3959,36,furniture/equipment,good,0
994,994,50,male,2,own,,,2390,12,car,good,1
995,995,31,female,1,own,little,,1736,12,furniture/equipment,good,1
996,996,40,male,3,own,little,little,3857,30,car,good,0
997,997,38,male,2,own,little,,804,12,radio/TV,good,1
998,998,23,male,2,free,little,little,1845,45,radio/TV,bad,0
999,999,27,male,2,own,moderate,moderate,4576,45,car,good,0
